,MSE,RMSE,MAE,R2
Linear Regression,29.121079856322385,5.396395079710379,3.573787940274684,0.9967841927141163
Random Forest,55.32818594067265,7.438291869822846,3.9398173851989187,0.9938901721934562
Gradient Boosting,36.11897648195253,6.009906528553712,3.4706420828181472,0.9960114230549694
XGBoost,57.26282788587751,7.567220618290279,3.8449050173695176,0.9936765319131623
SVR,5806.418752508304,76.1998605806356,51.58429336842851,0.35880386917885276
